batch_size,status,repetitions,servings_per_second,tokens_per_second,power_median_watts,servings_per_watt,tokens_per_watt,device_memory_peak_gib,first16_fp32_sequence_agreement,protocol_valid_and_cap_complete_rate,macro_f1_at_16_first8,at_or_above_99_percent_of_decreed_peak,source_result
320,complete,3,2774.952349853496,44399.237597655934,78.771,35.228095997937004,563.6495359669921,3.681873321533203,1.0,,,False,runs\learning\16id-serving-saturation-20260926\results.json
640,complete,3,5127.475809712715,82039.61295540344,105.059,48.80567880631564,780.8908609010502,3.752796173095703,1.0,,,False,runs\learning\16id-serving-saturation-20260926\results.json
768,complete,3,5033.568743638275,80537.0998982124,100.34649999999999,50.16187653419178,802.5900245470684,3.758899688720703,1.0,,,False,runs\learning\16id-serving-saturation-20260926\results-large-batches.json
1024,complete,3,6325.097708358336,101201.56333373337,119.156,53.082494447265226,849.3199111562436,4.356983184814453,1.0,,,False,runs\learning\16id-serving-saturation-20260926\results-large-batches.json
1088,complete,3,6801.89111172187,108830.25778754993,121.1905,56.125613077938205,898.0098092470113,3.841602325439453,1.0,,,False,runs\learning\16id-serving-saturation-20260926\results-near-target.json
1120,complete,3,6900.988210783916,110415.81137254265,123.226,56.00269594715333,896.0431351544532,3.851490020751953,1.0,,,False,runs\learning\16id-serving-saturation-20260926\results-near-target.json
1152,complete,3,7007.490805959865,112119.85289535784,122.46549999999999,57.22012163392846,915.5219461428553,3.930347442626953,1.0,,,False,runs\learning\16id-serving-saturation-20260926\results-near-target.json
1280,complete,3,3889.315031798698,62229.040508779166,93.077,41.78599473337879,668.5759157340607,4.476406097412109,1.0,,,False,runs\learning\16id-serving-saturation-20260926\results-large-batches.json
1536,complete,3,8056.535932764068,128904.57492422509,136.29000000000002,59.113184626634876,945.810954026158,3.8744277954101562,1.0,0.0,0.15087755382644907,False,runs\learning\16id-serving-saturation-20260926\results-fp32-vram.json
2048,complete,3,8622.362987130064,137957.80779408102,144.613,59.62370594019946,953.9792950431913,4.024818420410156,1.0,0.0,0.15087755382644907,False,runs\learning\16id-serving-saturation-20260926\results-fp32-vram.json
3072,complete,3,9096.850722799993,145549.61156479988,151.34,60.10870042817492,961.7392068507987,4.245338439941406,1.0,0.0,0.15087755382644907,False,runs\learning\16id-serving-saturation-20260926\results-fp32-vram.json
4096,complete,3,9231.398202992406,147702.3712478785,154.985,59.56317193917092,953.0107510267347,4.639930725097656,1.0,0.0,0.15087755382644907,False,runs\learning\16id-serving-saturation-20260926\results-fp32-vram.json
6144,complete,3,9441.384192351305,151062.14707762087,161.82049999999998,58.34479681098072,933.5167489756915,4.928901672363281,1.0,0.0,0.15087755382644907,False,runs\learning\16id-serving-saturation-20260926\results-fp32-vram.json
8192,complete,3,9555.073797260608,152881.18075616972,163.283,58.51848506740205,936.2957610784327,5.577339172363281,1.0,0.0,0.15087755382644907,True,runs\learning\16id-serving-saturation-20260926\results-fp32-vram.json
10240,complete,3,9444.995289768665,151119.92463629865,163.06,57.92343486918107,926.7749579068972,6.145698547363281,1.0,0.0,0.15087755382644907,False,runs\learning\16id-serving-saturation-20260926\results-fp32-vram.json
12288,complete,3,9624.29589587737,153988.73433403793,162.5575,59.20548664858509,947.2877863773614,6.654060363769531,1.0,0.0,0.15087755382644907,True,runs\learning\16id-serving-saturation-20260926\results-fp32-vram.json
14336,complete,3,9702.907181788605,155246.51490861768,161.51850000000002,60.07303919853518,961.1686271765628,7.169349670410156,1.0,0.0,0.15087755382644907,True,runs\learning\16id-serving-saturation-20260926\results-fp32-vram.json
16384,complete,3,9712.604176776775,155401.6668284284,160.475,60.52409519723804,968.3855231558086,7.475318908691406,1.0,0.0,0.15087755382644907,True,runs\learning\16id-serving-saturation-20260926\results-fp32-vram.json
18432,complete,3,9674.427927013183,154790.84683221093,161.863,59.769236496377694,956.3077839420431,8.238075256347656,1.0,0.0,0.15087755382644907,True,runs\learning\16id-serving-saturation-20260926\results-fp32-vram.json
20480,complete,3,9716.61117623819,155465.77881981104,164.15,59.193488737363325,947.0958197978132,8.742897033691406,1.0,0.0,0.15087755382644907,True,runs\learning\16id-serving-saturation-20260926\results-fp32-vram.json
24576,complete,3,9722.015471606099,155552.24754569758,173.073,56.17291819986999,898.7666911979198,9.798377990722656,1.0,0.0,0.15087755382644907,True,runs\learning\16id-serving-saturation-20260926\results-fp32-vram.json
28672,complete,3,9656.471660580015,154503.54656928024,175.687,54.96406484589078,879.4250375342525,10.831642150878906,1.0,0.0,0.15087755382644907,True,runs\learning\16id-serving-saturation-20260926\results-fp32-vram.json
32768,complete,3,9644.840975499848,154317.45560799757,174.331,55.32487610063528,885.1980176101645,11.905860900878906,1.0,0.0,0.15087755382644907,True,runs\learning\16id-serving-saturation-20260926\results-fp32-vram.json
36864,complete,3,9626.748321325593,154027.97314120948,173.927,55.34936106139698,885.5897769823517,12.888343811035156,1.0,0.0,0.15087755382644907,True,runs\learning\16id-serving-saturation-20260926\results-fp32-vram-extension.json
40960,complete,3,9594.999543496753,153519.99269594805,176.008,54.51456492600764,872.2330388161222,13.946388244628906,1.0,0.0,0.15087755382644907,True,runs\learning\16id-serving-saturation-20260926\results-fp32-vram-extension.json
45056,complete,3,9793.4896551537,156695.8344824592,178.3375,54.91548134942847,878.6477015908555,15.004676818847656,1.0,0.0,0.15087755382644907,True,runs\learning\16id-serving-saturation-20260926\results-fp32-vram-extension.json
49152,complete,3,5133.963632379666,82143.41811807465,111.52799999999999,46.03295703661561,736.5273125858498,15.651344299316406,1.0,0.0,0.15087755382644907,False,runs\learning\16id-serving-saturation-20260926\results-fp32-vram-extension.json
57344,complete,3,845.5011641506012,13528.01862640962,59.535,14.201749628799886,227.22799406079818,15.688419342041016,1.0,0.0,0.15087755382644907,False,runs\learning\16id-serving-saturation-20260926\results-fp32-vram-extension.json
65536,partial_user_stopped,2,3790.65,60650.25,78.19999999999999,48.47378516624042,775.5786445012789,15.79,1.0,,,False,runner stdout before user stop; partial attempt is not in the completed JSON rows
